<?xml version="1.0" encoding="UTF-8"?><!-- Saxon Collection file for PFE biographies --><!-- v14 --><collection stable="true">
  <doc href="ARHN.xml"/>
  <doc href="BR.xml"/>
  <doc href="DH.xml"/>
  <doc href="DMDE.xml"/>
  <doc href="GS.xml"/>
  <doc href="GEWN.xml"/>
  <doc href="ADMS.xml"/>
  <doc href="JSMN.xml"/>
  <doc href="TSJN.xml"/>
  <doc href="VP.xml"/>
  <doc href="PS.xml"/>
  <doc href="Ash.xml"/>
  <doc href="CFG.xml"/>
  <doc href="DD.xml"/>
  <doc href="BNFN.xml"/>
</collection>